s1_per_dollar,s2_per_dollar
3.2147054992712867e-05,3.3487066506505774e-05
1.5303552255479773e-05,1.6368404292844252e-05
1.7084866501715077e-05,1.9250595739446608e-05
1.8809348562871287e-05,4.7391063335758935e-06
